{"percept_loss": 0.15631694205224833, "nrm_loss": 1.2199197692029617, "train_accuracy": 0.9752673796791443, "train_accuracy_prior": 0.9759358288770054, "train_explain_accuracy": 0.0, "train_digit_accuracy": 0.9879679144385026, "avg_alpha": 0.059219758957624435, "_timestamp": 1714058740.7620363, "_runtime": 559.1079123020172, "_step": 39, "test_accuracy": 0.9720447284345048, "test_accuracy_prior": 0.9730431309904153, "test_explain_accuracy": 0.0, "test_digit_accuracy": 0.9861222044728435, "test_time": 3.3331079483032227, "test_target": 1.9581669329073483, "epoch_time": 146.48583674430847, "_wandb": {"runtime": 560}}